incident_id,source_agency,pdf_filename,pdf_path,json_path,extraction_status
02-May-2024_GC 478_Murphy EV2010R,BSEE,02-May-2024_GC%20478_Murphy%20EV2010R.pdf,data/corpus_v1/raw_pdfs/02-May-2024_GC%20478_Murphy%20EV2010R.pdf,data/corpus_v1/structured_json/02-May-2024_GC%20478_Murphy%20EV2010R.json,ready
07-MAR-2024_KC 785_LLOG_EV2010R (1),BSEE,07-MAR-2024_KC%20785_LLOG_EV2010R%20%281%29.pdf,data/corpus_v1/raw_pdfs/07-MAR-2024_KC%20785_LLOG_EV2010R%20%281%29.pdf,data/corpus_v1/structured_json/07-MAR-2024_KC%20785_LLOG_EV2010R%20%281%29.json,ready
08-July-2024_ST 23CC_Cantium EV2010R,BSEE,08-July-2024_ST%2023CC_Cantium%20EV2010R.pdf,data/corpus_v1/raw_pdfs/08-July-2024_ST%2023CC_Cantium%20EV2010R.pdf,data/corpus_v1/structured_json/08-July-2024_ST%2023CC_Cantium%20EV2010R.json,ready
10-Nov-2024_GC432_Murphy EV2010R,BSEE,10-Nov-2024_GC432_Murphy%20EV2010R.pdf,data/corpus_v1/raw_pdfs/10-Nov-2024_GC432_Murphy%20EV2010R.pdf,data/corpus_v1/structured_json/10-Nov-2024_GC432_Murphy%20EV2010R.json,ready
11-JUL-2024_HIA5_MantaRay_EV2010R (1)_0,BSEE,11-JUL-2024_HIA5_MantaRay_EV2010R%20%281%29_0.pdf,data/corpus_v1/raw_pdfs/11-JUL-2024_HIA5_MantaRay_EV2010R%20%281%29_0.pdf,data/corpus_v1/structured_json/11-JUL-2024_HIA5_MantaRay_EV2010R%20%281%29_0.json,ready
13-MAR-2024_SS189_WOG_EV2010,BSEE,13-MAR-2024_SS189_WOG_EV2010.pdf,data/corpus_v1/raw_pdfs/13-MAR-2024_SS189_WOG_EV2010.pdf,data/corpus_v1/structured_json/13-MAR-2024_SS189_WOG_EV2010.json,ready
16 Feb 2024_WR 29 _Chevron_EV2010R,BSEE,16%20Feb%202024_WR%2029%20_Chevron_EV2010R.pdf,data/corpus_v1/raw_pdfs/16%20Feb%202024_WR%2029%20_Chevron_EV2010R.pdf,data/corpus_v1/structured_json/16%20Feb%202024_WR%2029%20_Chevron_EV2010R.json,ready
18 Jan 2024_GC 478_Murphy_ EV2010R,BSEE,18%20Jan%202024_GC%20478_Murphy_%20EV2010R.pdf,data/corpus_v1/raw_pdfs/18%20Jan%202024_GC%20478_Murphy_%20EV2010R.pdf,data/corpus_v1/structured_json/18%20Jan%202024_GC%20478_Murphy_%20EV2010R.json,ready
18-FEB-2023 BP MC 778 PDQ,BSEE,18-FEB-2023%20BP%20MC%20778%20PDQ.pdf,data/corpus_v1/raw_pdfs/18-FEB-2023%20BP%20MC%20778%20PDQ.pdf,data/corpus_v1/structured_json/18-FEB-2023%20BP%20MC%20778%20PDQ.json,ready
18-JUN-2023_Chevron_Platform Gail_EV2010R,BSEE,18-JUN-2023_Chevron_Platform%20Gail_EV2010R.pdf,data/corpus_v1/raw_pdfs/18-JUN-2023_Chevron_Platform%20Gail_EV2010R.pdf,data/corpus_v1/structured_json/18-JUN-2023_Chevron_Platform%20Gail_EV2010R.json,ready
20-July-2024_SS 224D_Talos EV2010R,BSEE,20-July-2024_SS%20224D_Talos%20EV2010R.pdf,data/corpus_v1/raw_pdfs/20-July-2024_SS%20224D_Talos%20EV2010R.pdf,data/corpus_v1/structured_json/20-July-2024_SS%20224D_Talos%20EV2010R.json,ready
2010 Arena HI 547 B 05.JAN_.2023 Redacted,BSEE,2010%20Arena%20HI%20547%20B%2005.JAN_.2023%20Redacted.pdf,data/corpus_v1/raw_pdfs/2010%20Arena%20HI%20547%20B%2005.JAN_.2023%20Redacted.pdf,data/corpus_v1/structured_json/2010%20Arena%20HI%20547%20B%2005.JAN_.2023%20Redacted.json,ready
2010 Shell AC 857 03.JAN_.2023 Redacted,BSEE,2010%20Shell%20AC%20857%2003.JAN_.2023%20Redacted.pdf,data/corpus_v1/raw_pdfs/2010%20Shell%20AC%20857%2003.JAN_.2023%20Redacted.pdf,data/corpus_v1/structured_json/2010%20Shell%20AC%20857%2003.JAN_.2023%20Redacted.json,ready
21-MAR-2023_WR758_Chevron_EV2010R,BSEE,21-MAR-2023_WR758_Chevron_EV2010R.pdf,data/corpus_v1/raw_pdfs/21-MAR-2023_WR758_Chevron_EV2010R.pdf,data/corpus_v1/structured_json/21-MAR-2023_WR758_Chevron_EV2010R.json,ready
22-Apr-2024_GC 389_ Murphy EV2010R,BSEE,22-Apr-2024_GC%20389_%20Murphy%20EV2010R.pdf,data/corpus_v1/raw_pdfs/22-Apr-2024_GC%20389_%20Murphy%20EV2010R.pdf,data/corpus_v1/structured_json/22-Apr-2024_GC%20389_%20Murphy%20EV2010R.json,ready
28-MAR-2024_WR 51_BOE_EV2010R,BSEE,28-MAR-2024_WR%2051_BOE_EV2010R.pdf,data/corpus_v1/raw_pdfs/28-MAR-2024_WR%2051_BOE_EV2010R.pdf,data/corpus_v1/structured_json/28-MAR-2024_WR%2051_BOE_EV2010R.json,ready
31-MAY-2023_GC468_EV2010R-2,BSEE,31-MAY-2023_GC468_EV2010R-2.pdf,data/corpus_v1/raw_pdfs/31-MAY-2023_GC468_EV2010R-2.pdf,data/corpus_v1/structured_json/31-MAY-2023_GC468_EV2010R-2.json,ready
31-May-2024 - GC52 -MC Offshore EV2010R,BSEE,31-May-2024%20-%20GC52%20-MC%20Offshore%20EV2010R.pdf,data/corpus_v1/raw_pdfs/31-May-2024%20-%20GC52%20-MC%20Offshore%20EV2010R.pdf,data/corpus_v1/structured_json/31-May-2024%20-%20GC52%20-MC%20Offshore%20EV2010R.json,ready
AC 337 LLOG 12-OCT-2024,BSEE,AC%20337%20LLOG%2012-OCT-2024.pdf,data/corpus_v1/raw_pdfs/AC%20337%20LLOG%2012-OCT-2024.pdf,data/corpus_v1/structured_json/AC%20337%20LLOG%2012-OCT-2024.json,ready
AC 337 LLOG 27-SEP-2024,BSEE,AC%20337%20LLOG%2027-SEP-2024.pdf,data/corpus_v1/raw_pdfs/AC%20337%20LLOG%2027-SEP-2024.pdf,data/corpus_v1/structured_json/AC%20337%20LLOG%2027-SEP-2024.json,ready
AC 735 Shell 08-Dec-2023,BSEE,AC%20735%20Shell%2008-Dec-2023.pdf,data/corpus_v1/raw_pdfs/AC%20735%20Shell%2008-Dec-2023.pdf,data/corpus_v1/structured_json/AC%20735%20Shell%2008-Dec-2023.json,ready
AC 857 Shell 03-Oct-2024,BSEE,AC%20857%20Shell%2003-Oct-2024.pdf,data/corpus_v1/raw_pdfs/AC%20857%20Shell%2003-Oct-2024.pdf,data/corpus_v1/structured_json/AC%20857%20Shell%2003-Oct-2024.json,ready
AC 857 Shell 04-Sep-2023 ,BSEE,AC%20857%20Shell%2004-Sep-2023%20.pdf,data/corpus_v1/raw_pdfs/AC%20857%20Shell%2004-Sep-2023%20.pdf,data/corpus_v1/structured_json/AC%20857%20Shell%2004-Sep-2023%20.json,ready
AC 857 Shell Fire 21-June-2023,BSEE,AC%20857%20Shell%20Fire%2021-June-2023.pdf,data/corpus_v1/raw_pdfs/AC%20857%20Shell%20Fire%2021-June-2023.pdf,data/corpus_v1/structured_json/AC%20857%20Shell%20Fire%2021-June-2023.json,ready
EB 602-A  Anadarko  21-May-2025,BSEE,EB%20602-A%20%20Anadarko%20%2021-May-2025.pdf,data/corpus_v1/raw_pdfs/EB%20602-A%20%20Anadarko%20%2021-May-2025.pdf,data/corpus_v1/structured_json/EB%20602-A%20%20Anadarko%20%2021-May-2025.json,ready
EC 71 ECOP 25-MAY-2023,BSEE,EC%2071%20ECOP%2025-MAY-2023.pdf,data/corpus_v1/raw_pdfs/EC%2071%20ECOP%2025-MAY-2023.pdf,data/corpus_v1/structured_json/EC%2071%20ECOP%2025-MAY-2023.json,ready
EI 158JB_Apache_21-SEP-2023,BSEE,EI%20158JB_Apache_21-SEP-2023.pdf,data/corpus_v1/raw_pdfs/EI%20158JB_Apache_21-SEP-2023.pdf,data/corpus_v1/structured_json/EI%20158JB_Apache_21-SEP-2023.json,ready
EI 252I_Arena_20-AUG-2023,BSEE,EI%20252I_Arena_20-AUG-2023.pdf,data/corpus_v1/raw_pdfs/EI%20252I_Arena_20-AUG-2023.pdf,data/corpus_v1/structured_json/EI%20252I_Arena_20-AUG-2023.json,ready
EI 259 White Fleet 03_OCT_2025,BSEE,EI%20259%20White%20Fleet%2003_OCT_2025.pdf,data/corpus_v1/raw_pdfs/EI%20259%20White%20Fleet%2003_OCT_2025.pdf,data/corpus_v1/structured_json/EI%20259%20White%20Fleet%2003_OCT_2025.json,ready
EI 259C_Cox_13-OCT-2023_EV2010R,BSEE,EI%20259C_Cox_13-OCT-2023_EV2010R.pdf,data/corpus_v1/raw_pdfs/EI%20259C_Cox_13-OCT-2023_EV2010R.pdf,data/corpus_v1/structured_json/EI%20259C_Cox_13-OCT-2023_EV2010R.json,ready
EI 307 Guardian 17_MAR_2025,BSEE,EI%20307%20Guardian%2017_MAR_2025.pdf,data/corpus_v1/raw_pdfs/EI%20307%20Guardian%2017_MAR_2025.pdf,data/corpus_v1/structured_json/EI%20307%20Guardian%2017_MAR_2025.json,ready
EV2010R - GB 215,BSEE,EV2010R%20-%20GB%20215.pdf,data/corpus_v1/raw_pdfs/EV2010R%20-%20GB%20215.pdf,data/corpus_v1/structured_json/EV2010R%20-%20GB%20215.json,ready
EV2010R - MC 773,BSEE,EV2010R%20-%20MC%20773.pdf,data/corpus_v1/raw_pdfs/EV2010R%20-%20MC%20773.pdf,data/corpus_v1/structured_json/EV2010R%20-%20MC%20773.json,ready
EV2010R - VR 38,BSEE,EV2010R%20-%20VR%2038.pdf,data/corpus_v1/raw_pdfs/EV2010R%20-%20VR%2038.pdf,data/corpus_v1/structured_json/EV2010R%20-%20VR%2038.json,ready
EV2010R - WR 249,BSEE,EV2010R%20-%20WR%20249.pdf,data/corpus_v1/raw_pdfs/EV2010R%20-%20WR%20249.pdf,data/corpus_v1/structured_json/EV2010R%20-%20WR%20249.json,ready
GA A 244-JP Williams Oil Gathering 07-Feb-2024,BSEE,GA%20A%20244-JP%20Williams%20Oil%20Gathering%2007-Feb-2024.pdf,data/corpus_v1/raw_pdfs/GA%20A%20244-JP%20Williams%20Oil%20Gathering%2007-Feb-2024.pdf,data/corpus_v1/structured_json/GA%20A%20244-JP%20Williams%20Oil%20Gathering%2007-Feb-2024.json,ready
GB 259 Hess 02-JUN-2025,BSEE,GB%20259%20Hess%2002-JUN-2025.pdf,data/corpus_v1/raw_pdfs/GB%20259%20Hess%2002-JUN-2025.pdf,data/corpus_v1/structured_json/GB%20259%20Hess%2002-JUN-2025.json,ready
GB 668 Anadarko 15-Nov-2024,BSEE,GB%20668%20Anadarko%2015-Nov-2024.pdf,data/corpus_v1/raw_pdfs/GB%20668%20Anadarko%2015-Nov-2024.pdf,data/corpus_v1/structured_json/GB%20668%20Anadarko%2015-Nov-2024.json,ready
GB-216_Tranocean_21-APR-2023,BSEE,GB-216_Tranocean_21-APR-2023.pdf,data/corpus_v1/raw_pdfs/GB-216_Tranocean_21-APR-2023.pdf,data/corpus_v1/structured_json/GB-216_Tranocean_21-APR-2023.json,ready
GB-506_Talos_20-MAR-2024_EV2010R,BSEE,GB-506_Talos_20-MAR-2024_EV2010R.pdf,data/corpus_v1/raw_pdfs/GB-506_Talos_20-MAR-2024_EV2010R.pdf,data/corpus_v1/structured_json/GB-506_Talos_20-MAR-2024_EV2010R.json,ready
GC 432 Murphy 17-Feb-2025,BSEE,GC%20432%20Murphy%2017-Feb-2025.pdf,data/corpus_v1/raw_pdfs/GC%20432%20Murphy%2017-Feb-2025.pdf,data/corpus_v1/structured_json/GC%20432%20Murphy%2017-Feb-2025.json,ready
GC 584 25-Dec-2024 signed 2010 redacted,BSEE,GC%20584%2025-Dec-2024%20signed%202010%20redacted.pdf,data/corpus_v1/raw_pdfs/GC%20584%2025-Dec-2024%20signed%202010%20redacted.pdf,data/corpus_v1/structured_json/GC%20584%2025-Dec-2024%20signed%202010%20redacted.json,ready
GC 868 BP 08-May-2025,BSEE,GC%20868%20BP%2008-May-2025.pdf,data/corpus_v1/raw_pdfs/GC%20868%20BP%2008-May-2025.pdf,data/corpus_v1/structured_json/GC%20868%20BP%2008-May-2025.json,ready
GI 47 AP GOM Shelf 25-APR-2025,BSEE,GI%2047%20AP%20GOM%20Shelf%2025-APR-2025.pdf,data/corpus_v1/raw_pdfs/GI%2047%20AP%20GOM%20Shelf%2025-APR-2025.pdf,data/corpus_v1/structured_json/GI%2047%20AP%20GOM%20Shelf%2025-APR-2025.json,ready
HI A 379 W&T Offshore 04-Sep-2023,BSEE,HI%20A%20379%20W%26T%20Offshore%2004-Sep-2023.pdf,data/corpus_v1/raw_pdfs/HI%20A%20379%20W%26T%20Offshore%2004-Sep-2023.pdf,data/corpus_v1/structured_json/HI%20A%20379%20W%26T%20Offshore%2004-Sep-2023.json,ready
HI A 382 Apache Crane 02-Jun-2023,BSEE,HI%20A%20382%20Apache%20Crane%2002-Jun-2023.pdf,data/corpus_v1/raw_pdfs/HI%20A%20382%20Apache%20Crane%2002-Jun-2023.pdf,data/corpus_v1/structured_json/HI%20A%20382%20Apache%20Crane%2002-Jun-2023.json,ready
MC 127 Anadarko 09-MAY-2025,BSEE,MC%20127%20Anadarko%2009-MAY-2025.pdf,data/corpus_v1/raw_pdfs/MC%20127%20Anadarko%2009-MAY-2025.pdf,data/corpus_v1/structured_json/MC%20127%20Anadarko%2009-MAY-2025.json,ready
MC 127 Anadarko 21-Oct-2023 Redacted,BSEE,MC%20127%20Anadarko%2021-Oct-2023%20Redacted.pdf,data/corpus_v1/raw_pdfs/MC%20127%20Anadarko%2021-Oct-2023%20Redacted.pdf,data/corpus_v1/structured_json/MC%20127%20Anadarko%2021-Oct-2023%20Redacted.json,ready
MC 300 Murphy 28-Mar-2025,BSEE,MC%20300%20Murphy%2028-Mar-2025.pdf,data/corpus_v1/raw_pdfs/MC%20300%20Murphy%2028-Mar-2025.pdf,data/corpus_v1/structured_json/MC%20300%20Murphy%2028-Mar-2025.json,ready
MC 300 Murphy Exploration 29-May-2025,BSEE,MC%20300%20Murphy%20Exploration%2029-May-2025.pdf,data/corpus_v1/raw_pdfs/MC%20300%20Murphy%20Exploration%2029-May-2025.pdf,data/corpus_v1/structured_json/MC%20300%20Murphy%20Exploration%2029-May-2025.json,ready
MC 391 Shell 05-MAR-2024,BSEE,MC%20391%20Shell%2005-MAR-2024.pdf,data/corpus_v1/raw_pdfs/MC%20391%20Shell%2005-MAR-2024.pdf,data/corpus_v1/structured_json/MC%20391%20Shell%2005-MAR-2024.json,ready
MC 474 BP 08-FEB-2025,BSEE,MC%20474%20BP%2008-FEB-2025.pdf,data/corpus_v1/raw_pdfs/MC%20474%20BP%2008-FEB-2025.pdf,data/corpus_v1/structured_json/MC%20474%20BP%2008-FEB-2025.json,ready
MC 520 BP 07-Jun-2023,BSEE,MC%20520%20BP%2007-Jun-2023.pdf,data/corpus_v1/raw_pdfs/MC%20520%20BP%2007-Jun-2023.pdf,data/corpus_v1/structured_json/MC%20520%20BP%2007-Jun-2023.json,ready
MC 547 LLOG 24-Dec-2023,BSEE,MC%20547%20LLOG%2024-Dec-2023.pdf,data/corpus_v1/raw_pdfs/MC%20547%20LLOG%2024-Dec-2023.pdf,data/corpus_v1/structured_json/MC%20547%20LLOG%2024-Dec-2023.json,ready
MC 582 A Murphy 16-APR-2025,BSEE,MC%20582%20A%20Murphy%2016-APR-2025.pdf,data/corpus_v1/raw_pdfs/MC%20582%20A%20Murphy%2016-APR-2025.pdf,data/corpus_v1/structured_json/MC%20582%20A%20Murphy%2016-APR-2025.json,ready
MC 607 Chevron 19-MAR-24,BSEE,MC%20607%20Chevron%2019-MAR-24.pdf,data/corpus_v1/raw_pdfs/MC%20607%20Chevron%2019-MAR-24.pdf,data/corpus_v1/structured_json/MC%20607%20Chevron%2019-MAR-24.json,ready
MC 727 Kosmos Energy 05-Jun-2024,BSEE,MC%20727%20Kosmos%20Energy%2005-Jun-2024.pdf,data/corpus_v1/raw_pdfs/MC%20727%20Kosmos%20Energy%2005-Jun-2024.pdf,data/corpus_v1/structured_json/MC%20727%20Kosmos%20Energy%2005-Jun-2024.json,ready
MC 807 A Shell 24-FEB-23,BSEE,MC%20807%20A%20Shell%2024-FEB-23.pdf,data/corpus_v1/raw_pdfs/MC%20807%20A%20Shell%2024-FEB-23.pdf,data/corpus_v1/structured_json/MC%20807%20A%20Shell%2024-FEB-23.json,ready
MC 807-B Shell 06-Jan-2023,BSEE,MC%20807-B%20Shell%2006-Jan-2023.pdf,data/corpus_v1/raw_pdfs/MC%20807-B%20Shell%2006-Jan-2023.pdf,data/corpus_v1/structured_json/MC%20807-B%20Shell%2006-Jan-2023.json,ready
MC 809 Shell 23-Feb-2025_0,BSEE,MC%20809%20Shell%2023-Feb-2025_0.pdf,data/corpus_v1/raw_pdfs/MC%20809%20Shell%2023-Feb-2025_0.pdf,data/corpus_v1/structured_json/MC%20809%20Shell%2023-Feb-2025_0.json,ready
MC 854 Shell 21-MAR-2023,BSEE,MC%20854%20Shell%2021-MAR-2023.pdf,data/corpus_v1/raw_pdfs/MC%20854%20Shell%2021-MAR-2023.pdf,data/corpus_v1/structured_json/MC%20854%20Shell%2021-MAR-2023.json,ready
MC 899 Shell  13-Feb-2024,BSEE,MC%20899%20Shell%20%2013-Feb-2024.pdf,data/corpus_v1/raw_pdfs/MC%20899%20Shell%20%2013-Feb-2024.pdf,data/corpus_v1/structured_json/MC%20899%20Shell%20%2013-Feb-2024.json,ready
MC 941-A Equinor 10-May-2023,BSEE,MC%20941-A%20Equinor%2010-May-2023.pdf,data/corpus_v1/raw_pdfs/MC%20941-A%20Equinor%2010-May-2023.pdf,data/corpus_v1/structured_json/MC%20941-A%20Equinor%2010-May-2023.json,ready
MC 941-A Equinor 19-June-2023,BSEE,MC%20941-A%20Equinor%2019-June-2023.pdf,data/corpus_v1/raw_pdfs/MC%20941-A%20Equinor%2019-June-2023.pdf,data/corpus_v1/structured_json/MC%20941-A%20Equinor%2019-June-2023.json,ready
MO 916-AP Cox  22-Nov-2023,BSEE,MO%20916-AP%20Cox%20%2022-Nov-2023.pdf,data/corpus_v1/raw_pdfs/MO%20916-AP%20Cox%20%2022-Nov-2023.pdf,data/corpus_v1/structured_json/MO%20916-AP%20Cox%20%2022-Nov-2023.json,ready
MP 153 B GOM Shelf 03-May-2025,BSEE,MP%20153%20B%20GOM%20Shelf%2003-May-2025.pdf,data/corpus_v1/raw_pdfs/MP%20153%20B%20GOM%20Shelf%2003-May-2025.pdf,data/corpus_v1/structured_json/MP%20153%20B%20GOM%20Shelf%2003-May-2025.json,ready
MP 270 Walter Oil and Gas Injury 3-Jul-2023 (1),BSEE,MP%20270%20Walter%20Oil%20and%20Gas%20Injury%203-Jul-2023%20%281%29.pdf,data/corpus_v1/raw_pdfs/MP%20270%20Walter%20Oil%20and%20Gas%20Injury%203-Jul-2023%20%281%29.pdf,data/corpus_v1/structured_json/MP%20270%20Walter%20Oil%20and%20Gas%20Injury%203-Jul-2023%20%281%29.json,ready
MP 311 GOM Shelf 12-MAR-23,BSEE,MP%20311%20GOM%20Shelf%2012-MAR-23.pdf,data/corpus_v1/raw_pdfs/MP%20311%20GOM%20Shelf%2012-MAR-23.pdf,data/corpus_v1/structured_json/MP%20311%20GOM%20Shelf%2012-MAR-23.json,ready
MP 42 D Cantium 27-Apr-25,BSEE,MP%2042%20D%20Cantium%2027-Apr-25.pdf,data/corpus_v1/raw_pdfs/MP%2042%20D%20Cantium%2027-Apr-25.pdf,data/corpus_v1/structured_json/MP%2042%20D%20Cantium%2027-Apr-25.json,ready
SM 128B_Arena_16-JAN-2024_EV2010R,BSEE,SM%20128B_Arena_16-JAN-2024_EV2010R.pdf,data/corpus_v1/raw_pdfs/SM%20128B_Arena_16-JAN-2024_EV2010R.pdf,data/corpus_v1/structured_json/SM%20128B_Arena_16-JAN-2024_EV2010R.json,ready
SM 130 04Feb23 Redacted 2010,BSEE,SM%20130%2004Feb23%20Redacted%202010.pdf,data/corpus_v1/raw_pdfs/SM%20130%2004Feb23%20Redacted%202010.pdf,data/corpus_v1/structured_json/SM%20130%2004Feb23%20Redacted%202010.json,ready
SM 130B_Talos_15-DEC-2023_EV2010R,BSEE,SM%20130B_Talos_15-DEC-2023_EV2010R.pdf,data/corpus_v1/raw_pdfs/SM%20130B_Talos_15-DEC-2023_EV2010R.pdf,data/corpus_v1/structured_json/SM%20130B_Talos_15-DEC-2023_EV2010R.json,ready
SM 281C_Apahe_09-SEP-2023,BSEE,SM%20281C_Apahe_09-SEP-2023.pdf,data/corpus_v1/raw_pdfs/SM%20281C_Apahe_09-SEP-2023.pdf,data/corpus_v1/structured_json/SM%20281C_Apahe_09-SEP-2023.json,ready
SM130B_Talos_12-MAY-2023,BSEE,SM130B_Talos_12-MAY-2023.pdf,data/corpus_v1/raw_pdfs/SM130B_Talos_12-MAY-2023.pdf,data/corpus_v1/structured_json/SM130B_Talos_12-MAY-2023.json,ready
SM130_Talos_25-FEB-2024_EV2010R,BSEE,SM130_Talos_25-FEB-2024_EV2010R.pdf,data/corpus_v1/raw_pdfs/SM130_Talos_25-FEB-2024_EV2010R.pdf,data/corpus_v1/structured_json/SM130_Talos_25-FEB-2024_EV2010R.json,ready
SM160_Talos_21-SEP-2024_EV2010R,BSEE,SM160_Talos_21-SEP-2024_EV2010R.pdf,data/corpus_v1/raw_pdfs/SM160_Talos_21-SEP-2024_EV2010R.pdf,data/corpus_v1/structured_json/SM160_Talos_21-SEP-2024_EV2010R.json,ready
SP 27 NuGulf 18-Jul-2025,BSEE,SP%2027%20NuGulf%2018-Jul-2025.pdf,data/corpus_v1/raw_pdfs/SP%2027%20NuGulf%2018-Jul-2025.pdf,data/corpus_v1/structured_json/SP%2027%20NuGulf%2018-Jul-2025.json,ready
SP 28 Whitney  21-Sep-2023,BSEE,SP%2028%20Whitney%20%2021-Sep-2023.pdf,data/corpus_v1/raw_pdfs/SP%2028%20Whitney%20%2021-Sep-2023.pdf,data/corpus_v1/structured_json/SP%2028%20Whitney%20%2021-Sep-2023.json,ready
SP 49-C W& T Offshore 30-Jul-2025_0,BSEE,SP%2049-C%20W%26%20T%20Offshore%2030-Jul-2025_0.pdf,data/corpus_v1/raw_pdfs/SP%2049-C%20W%26%20T%20Offshore%2030-Jul-2025_0.pdf,data/corpus_v1/structured_json/SP%2049-C%20W%26%20T%20Offshore%2030-Jul-2025_0.json,ready
SP 62-C GOM Shelf  03-Nov-2025,BSEE,SP%2062-C%20GOM%20Shelf%20%2003-Nov-2025.pdf,data/corpus_v1/raw_pdfs/SP%2062-C%20GOM%20Shelf%20%2003-Nov-2025.pdf,data/corpus_v1/structured_json/SP%2062-C%20GOM%20Shelf%20%2003-Nov-2025.json,ready
SP 83-A Arena 21-Sept-2023,BSEE,SP%2083-A%20Arena%2021-Sept-2023.pdf,data/corpus_v1/raw_pdfs/SP%2083-A%20Arena%2021-Sept-2023.pdf,data/corpus_v1/structured_json/SP%2083-A%20Arena%2021-Sept-2023.json,ready
SS 224_Talos_31-JAN-2023,BSEE,SS%20224_Talos_31-JAN-2023.pdf,data/corpus_v1/raw_pdfs/SS%20224_Talos_31-JAN-2023.pdf,data/corpus_v1/structured_json/SS%20224_Talos_31-JAN-2023.json,ready
SS 80 W&T 07-Mar-2025,BSEE,SS%2080%20W%26T%2007-Mar-2025.pdf,data/corpus_v1/raw_pdfs/SS%2080%20W%26T%2007-Mar-2025.pdf,data/corpus_v1/structured_json/SS%2080%20W%26T%2007-Mar-2025.json,ready
ST 229 W&T 09-May-2025,BSEE,ST%20229%20W%26T%2009-May-2025.pdf,data/corpus_v1/raw_pdfs/ST%20229%20W%26T%2009-May-2025.pdf,data/corpus_v1/structured_json/ST%20229%20W%26T%2009-May-2025.json,ready
ST23CC_Cantium_29-JAN-2024_EV2010R,BSEE,ST23CC_Cantium_29-JAN-2024_EV2010R.pdf,data/corpus_v1/raw_pdfs/ST23CC_Cantium_29-JAN-2024_EV2010R.pdf,data/corpus_v1/structured_json/ST23CC_Cantium_29-JAN-2024_EV2010R.json,ready
VK 900 Cox  22-JUL-23,BSEE,VK%20900%20Cox%20%2022-JUL-23.pdf,data/corpus_v1/raw_pdfs/VK%20900%20Cox%20%2022-JUL-23.pdf,data/corpus_v1/structured_json/VK%20900%20Cox%20%2022-JUL-23.json,ready
VK 915  Anadarko Petroleum  24-Nov-2024,BSEE,VK%20915%20%20Anadarko%20Petroleum%20%2024-Nov-2024.pdf,data/corpus_v1/raw_pdfs/VK%20915%20%20Anadarko%20Petroleum%20%2024-Nov-2024.pdf,data/corpus_v1/structured_json/VK%20915%20%20Anadarko%20Petroleum%20%2024-Nov-2024.json,ready
VK 915 Anadarko 04-May-2025,BSEE,VK%20915%20Anadarko%2004-May-2025.pdf,data/corpus_v1/raw_pdfs/VK%20915%20Anadarko%2004-May-2025.pdf,data/corpus_v1/structured_json/VK%20915%20Anadarko%2004-May-2025.json,ready
VK 989 A Talos 02-Dec-2024,BSEE,VK%20989%20A%20Talos%2002-Dec-2024.pdf,data/corpus_v1/raw_pdfs/VK%20989%20A%20Talos%2002-Dec-2024.pdf,data/corpus_v1/structured_json/VK%20989%20A%20Talos%2002-Dec-2024.json,ready
VR 170 Gulf Offshore 03-July-2023,BSEE,VR%20170%20Gulf%20Offshore%2003-July-2023.pdf,data/corpus_v1/raw_pdfs/VR%20170%20Gulf%20Offshore%2003-July-2023.pdf,data/corpus_v1/structured_json/VR%20170%20Gulf%20Offshore%2003-July-2023.json,ready
VR 170A Gulf Offshore 11-AUG-2024,BSEE,VR%20170A%20Gulf%20Offshore%2011-AUG-2024.pdf,data/corpus_v1/raw_pdfs/VR%20170A%20Gulf%20Offshore%2011-AUG-2024.pdf,data/corpus_v1/structured_json/VR%20170A%20Gulf%20Offshore%2011-AUG-2024.json,ready
VR 369-A Renaissance 04-Apr-2024,BSEE,VR%20369-A%20Renaissance%2004-Apr-2024.pdf,data/corpus_v1/raw_pdfs/VR%20369-A%20Renaissance%2004-Apr-2024.pdf,data/corpus_v1/structured_json/VR%20369-A%20Renaissance%2004-Apr-2024.json,ready
W & T  HI A 379-B 2010 Report 21-Feb-2024,BSEE,W%20%26%20T%20%20HI%20A%20379-B%202010%20Report%2021-Feb-2024.pdf,data/corpus_v1/raw_pdfs/W%20%26%20T%20%20HI%20A%20379-B%202010%20Report%2021-Feb-2024.pdf,data/corpus_v1/structured_json/W%20%26%20T%20%20HI%20A%20379-B%202010%20Report%2021-Feb-2024.json,ready
WC 33 Apache Injury 10-AUG-23,BSEE,WC%2033%20Apache%20Injury%2010-AUG-23.pdf,data/corpus_v1/raw_pdfs/WC%2033%20Apache%20Injury%2010-AUG-23.pdf,data/corpus_v1/structured_json/WC%2033%20Apache%20Injury%2010-AUG-23.json,ready
WD 152 Renaissance 27-Aug-2025,BSEE,WD%20152%20Renaissance%2027-Aug-2025.pdf,data/corpus_v1/raw_pdfs/WD%20152%20Renaissance%2027-Aug-2025.pdf,data/corpus_v1/structured_json/WD%20152%20Renaissance%2027-Aug-2025.json,ready
WD 73 COX 17-Feb-2023,BSEE,WD%2073%20COX%2017-Feb-2023.pdf,data/corpus_v1/raw_pdfs/WD%2073%20COX%2017-Feb-2023.pdf,data/corpus_v1/structured_json/WD%2073%20COX%2017-Feb-2023.json,ready
WD 90 Apache  21-APR-2025,BSEE,WD%2090%20Apache%20%2021-APR-2025.pdf,data/corpus_v1/raw_pdfs/WD%2090%20Apache%20%2021-APR-2025.pdf,data/corpus_v1/structured_json/WD%2090%20Apache%20%2021-APR-2025.json,ready
WR 51_BOE Exploration_7-JAN-2023,BSEE,WR%2051_BOE%20Exploration_7-JAN-2023.pdf,data/corpus_v1/raw_pdfs/WR%2051_BOE%20Exploration_7-JAN-2023.pdf,data/corpus_v1/structured_json/WR%2051_BOE%20Exploration_7-JAN-2023.json,ready
ab-specialty-silicones-llc,CSB,ab-specialty-silicones-llc.pdf,data/corpus_v1/raw_pdfs/ab-specialty-silicones-llc.pdf,data/corpus_v1/structured_json/ab-specialty-silicones-llc.json,ready
aghorn-operating-inc-waterflood-station-hydrogen-sulfide-release-,CSB,aghorn-operating-inc-waterflood-station-hydrogen-sulfide-release-.pdf,data/corpus_v1/raw_pdfs/aghorn-operating-inc-waterflood-station-hydrogen-sulfide-release-.pdf,data/corpus_v1/structured_json/aghorn-operating-inc-waterflood-station-hydrogen-sulfide-release-.json,ready
airgas-facility-fatal-explosion-,CSB,airgas-facility-fatal-explosion-.pdf,data/corpus_v1/raw_pdfs/airgas-facility-fatal-explosion-.pdf,data/corpus_v1/structured_json/airgas-facility-fatal-explosion-.json,ready
al-solutions-fatal-dust-explosion,CSB,al-solutions-fatal-dust-explosion.pdf,data/corpus_v1/raw_pdfs/al-solutions-fatal-dust-explosion.pdf,data/corpus_v1/structured_json/al-solutions-fatal-dust-explosion.json,ready
arkema-inc-chemical-plant-fire-,CSB,arkema-inc-chemical-plant-fire-.pdf,data/corpus_v1/raw_pdfs/arkema-inc-chemical-plant-fire-.pdf,data/corpus_v1/structured_json/arkema-inc-chemical-plant-fire-.json,ready
bio-lab-lake-charles-chemical-fire-and-release-,CSB,bio-lab-lake-charles-chemical-fire-and-release-.pdf,data/corpus_v1/raw_pdfs/bio-lab-lake-charles-chemical-fire-and-release-.pdf,data/corpus_v1/structured_json/bio-lab-lake-charles-chemical-fire-and-release-.json,ready
bp-husky-oregon-chemical-release-and-fire-,CSB,bp-husky-oregon-chemical-release-and-fire-.pdf,data/corpus_v1/raw_pdfs/bp-husky-oregon-chemical-release-and-fire-.pdf,data/corpus_v1/structured_json/bp-husky-oregon-chemical-release-and-fire-.json,ready
caribbean-petroleum-corporation-capeco-refinery-tank-explosion-and-fire,CSB,caribbean-petroleum-corporation-capeco-refinery-tank-explosion-and-fire.pdf,data/corpus_v1/raw_pdfs/caribbean-petroleum-corporation-capeco-refinery-tank-explosion-and-fire.pdf,data/corpus_v1/structured_json/caribbean-petroleum-corporation-capeco-refinery-tank-explosion-and-fire.json,ready
chevron-richmond-refinery-fire,CSB,chevron-richmond-refinery-fire.pdf,data/corpus_v1/raw_pdfs/chevron-richmond-refinery-fire.pdf,data/corpus_v1/structured_json/chevron-richmond-refinery-fire.json,ready
cox-wd-31-e-19-nov-2022,BSEE,cox-wd-31-e-19-nov-2022.pdf,data/corpus_v1/raw_pdfs/cox-wd-31-e-19-nov-2022.pdf,data/corpus_v1/structured_json/cox-wd-31-e-19-nov-2022.json,ready
cuisine-solutions-ammonia-release-,CSB,cuisine-solutions-ammonia-release-.pdf,data/corpus_v1/raw_pdfs/cuisine-solutions-ammonia-release-.pdf,data/corpus_v1/structured_json/cuisine-solutions-ammonia-release-.json,ready
delaware-city-refining-company,CSB,delaware-city-refining-company.pdf,data/corpus_v1/raw_pdfs/delaware-city-refining-company.pdf,data/corpus_v1/structured_json/delaware-city-refining-company.json,ready
didion-milling-company-explosion-and-fire-,CSB,didion-milling-company-explosion-and-fire-.pdf,data/corpus_v1/raw_pdfs/didion-milling-company-explosion-and-fire-.pdf,data/corpus_v1/structured_json/didion-milling-company-explosion-and-fire-.json,ready
dupont-la-porte-facility-toxic-chemical-release-,CSB,dupont-la-porte-facility-toxic-chemical-release-.pdf,data/corpus_v1/raw_pdfs/dupont-la-porte-facility-toxic-chemical-release-.pdf,data/corpus_v1/structured_json/dupont-la-porte-facility-toxic-chemical-release-.json,ready
enterprise-pascagoula-gas-plant-explosion-and-fire-,CSB,enterprise-pascagoula-gas-plant-explosion-and-fire-.pdf,data/corpus_v1/raw_pdfs/enterprise-pascagoula-gas-plant-explosion-and-fire-.pdf,data/corpus_v1/structured_json/enterprise-pascagoula-gas-plant-explosion-and-fire-.json,ready
evergreen-packaging-paper-mill-fire-during-hot-work,CSB,evergreen-packaging-paper-mill-fire-during-hot-work.pdf,data/corpus_v1/raw_pdfs/evergreen-packaging-paper-mill-fire-during-hot-work.pdf,data/corpus_v1/structured_json/evergreen-packaging-paper-mill-fire-during-hot-work.json,ready
exxonmobil-baton-rouge-refinery-chemical-release-and-fire,CSB,exxonmobil-baton-rouge-refinery-chemical-release-and-fire.pdf,data/corpus_v1/raw_pdfs/exxonmobil-baton-rouge-refinery-chemical-release-and-fire.pdf,data/corpus_v1/structured_json/exxonmobil-baton-rouge-refinery-chemical-release-and-fire.json,ready
foundation-food-group-fatal-chemical-release-,CSB,foundation-food-group-fatal-chemical-release-.pdf,data/corpus_v1/raw_pdfs/foundation-food-group-fatal-chemical-release-.pdf,data/corpus_v1/structured_json/foundation-food-group-fatal-chemical-release-.json,ready
freedom-industries-chemical-release-,CSB,freedom-industries-chemical-release-.pdf,data/corpus_v1/raw_pdfs/freedom-industries-chemical-release-.pdf,data/corpus_v1/structured_json/freedom-industries-chemical-release-.json,ready
honeywell-geismar-chlorine-and-hydrogen-fluoride-releases,CSB,honeywell-geismar-chlorine-and-hydrogen-fluoride-releases.pdf,data/corpus_v1/raw_pdfs/honeywell-geismar-chlorine-and-hydrogen-fluoride-releases.pdf,data/corpus_v1/structured_json/honeywell-geismar-chlorine-and-hydrogen-fluoride-releases.json,ready
horsehead-holding-company-fatal-explosion-and-fire,CSB,horsehead-holding-company-fatal-explosion-and-fire.pdf,data/corpus_v1/raw_pdfs/horsehead-holding-company-fatal-explosion-and-fire.pdf,data/corpus_v1/structured_json/horsehead-holding-company-fatal-explosion-and-fire.json,ready
intercontinental-terminals-company-itc-tank-fire,CSB,intercontinental-terminals-company-itc-tank-fire.pdf,data/corpus_v1/raw_pdfs/intercontinental-terminals-company-itc-tank-fire.pdf,data/corpus_v1/structured_json/intercontinental-terminals-company-itc-tank-fire.json,ready
kmco-llc-fatal-fire-and-explosion-,CSB,kmco-llc-fatal-fire-and-explosion-.pdf,data/corpus_v1/raw_pdfs/kmco-llc-fatal-fire-and-explosion-.pdf,data/corpus_v1/structured_json/kmco-llc-fatal-fire-and-explosion-.json,ready
kuraray-pasadena-release-and-fire,CSB,kuraray-pasadena-release-and-fire.pdf,data/corpus_v1/raw_pdfs/kuraray-pasadena-release-and-fire.pdf,data/corpus_v1/structured_json/kuraray-pasadena-release-and-fire.json,ready
loy-lange-box-company-pressure-vessel-explosion-,CSB,loy-lange-box-company-pressure-vessel-explosion-.pdf,data/corpus_v1/raw_pdfs/loy-lange-box-company-pressure-vessel-explosion-.pdf,data/corpus_v1/structured_json/loy-lange-box-company-pressure-vessel-explosion-.json,ready
lyondellbasell-la-porte-fatal-chemical-release-,CSB,lyondellbasell-la-porte-fatal-chemical-release-.pdf,data/corpus_v1/raw_pdfs/lyondellbasell-la-porte-fatal-chemical-release-.pdf,data/corpus_v1/structured_json/lyondellbasell-la-porte-fatal-chemical-release-.json,ready
macondo-blowout-and-explosion,CSB,macondo-blowout-and-explosion.pdf,data/corpus_v1/raw_pdfs/macondo-blowout-and-explosion.pdf,PENDING,needs_extraction
marathon-martinez-renewable-fuels-fire-,CSB,marathon-martinez-renewable-fuels-fire-.pdf,data/corpus_v1/raw_pdfs/marathon-martinez-renewable-fuels-fire-.pdf,data/corpus_v1/structured_json/marathon-martinez-renewable-fuels-fire-.json,ready
mgpi-processing-inc-toxic-chemical-release-,CSB,mgpi-processing-inc-toxic-chemical-release-.pdf,data/corpus_v1/raw_pdfs/mgpi-processing-inc-toxic-chemical-release-.pdf,data/corpus_v1/structured_json/mgpi-processing-inc-toxic-chemical-release-.json,ready
midland-resource-recovery-explosion-,CSB,midland-resource-recovery-explosion-.pdf,data/corpus_v1/raw_pdfs/midland-resource-recovery-explosion-.pdf,data/corpus_v1/structured_json/midland-resource-recovery-explosion-.json,ready
millard-refrigerated-services-ammonia-release,CSB,millard-refrigerated-services-ammonia-release.pdf,data/corpus_v1/raw_pdfs/millard-refrigerated-services-ammonia-release.pdf,data/corpus_v1/structured_json/millard-refrigerated-services-ammonia-release.json,ready
optima-belle-explosion-and-fire,CSB,optima-belle-explosion-and-fire.pdf,data/corpus_v1/raw_pdfs/optima-belle-explosion-and-fire.pdf,data/corpus_v1/structured_json/optima-belle-explosion-and-fire.json,ready
packaging-corporation-of-america-hot-work-explosion-,CSB,packaging-corporation-of-america-hot-work-explosion-.pdf,data/corpus_v1/raw_pdfs/packaging-corporation-of-america-hot-work-explosion-.pdf,data/corpus_v1/structured_json/packaging-corporation-of-america-hot-work-explosion-.json,ready
philadelphia-energy-solutions-pes-refinery-fire-and-explosions-,CSB,philadelphia-energy-solutions-pes-refinery-fire-and-explosions-.pdf,data/corpus_v1/raw_pdfs/philadelphia-energy-solutions-pes-refinery-fire-and-explosions-.pdf,data/corpus_v1/structured_json/philadelphia-energy-solutions-pes-refinery-fire-and-explosions-.json,ready
pryor-trust-fatal-gas-well-blowout-and-fire,CSB,pryor-trust-fatal-gas-well-blowout-and-fire.pdf,data/corpus_v1/raw_pdfs/pryor-trust-fatal-gas-well-blowout-and-fire.pdf,data/corpus_v1/structured_json/pryor-trust-fatal-gas-well-blowout-and-fire.json,ready
silver-eagle-refinery-flash-fire-and-explosion-and-catastrophic-pipe-explosion,CSB,silver-eagle-refinery-flash-fire-and-explosion-and-catastrophic-pipe-explosion.pdf,data/corpus_v1/raw_pdfs/silver-eagle-refinery-flash-fire-and-explosion-and-catastrophic-pipe-explosion.pdf,data/corpus_v1/structured_json/silver-eagle-refinery-flash-fire-and-explosion-and-catastrophic-pipe-explosion.json,ready
sunoco-logistics-partners-flash-fire,CSB,sunoco-logistics-partners-flash-fire.pdf,data/corpus_v1/raw_pdfs/sunoco-logistics-partners-flash-fire.pdf,data/corpus_v1/structured_json/sunoco-logistics-partners-flash-fire.json,ready
tesoro-anacortes-refinery-fatal-explosion-and-fire-,CSB,tesoro-anacortes-refinery-fatal-explosion-and-fire-.pdf,data/corpus_v1/raw_pdfs/tesoro-anacortes-refinery-fatal-explosion-and-fire-.pdf,data/corpus_v1/structured_json/tesoro-anacortes-refinery-fatal-explosion-and-fire-.json,ready
tesoro-martinez-sulfuric-acid-spill,CSB,tesoro-martinez-sulfuric-acid-spill.pdf,data/corpus_v1/raw_pdfs/tesoro-martinez-sulfuric-acid-spill.pdf,data/corpus_v1/structured_json/tesoro-martinez-sulfuric-acid-spill.json,ready
tpc-port-neches-explosions-and-fire,CSB,tpc-port-neches-explosions-and-fire.pdf,data/corpus_v1/raw_pdfs/tpc-port-neches-explosions-and-fire.pdf,data/corpus_v1/structured_json/tpc-port-neches-explosions-and-fire.json,ready
ts-usa-molten-salt-eruption,CSB,ts-usa-molten-salt-eruption.pdf,data/corpus_v1/raw_pdfs/ts-usa-molten-salt-eruption.pdf,data/corpus_v1/structured_json/ts-usa-molten-salt-eruption.json,ready
us-ink-fire,CSB,us-ink-fire.pdf,data/corpus_v1/raw_pdfs/us-ink-fire.pdf,data/corpus_v1/structured_json/us-ink-fire.json,ready
wacker-polysilicon-chemical-release,CSB,wacker-polysilicon-chemical-release.pdf,data/corpus_v1/raw_pdfs/wacker-polysilicon-chemical-release.pdf,data/corpus_v1/structured_json/wacker-polysilicon-chemical-release.json,ready
watson-grinding-fatal-explosion-and-fire-,CSB,watson-grinding-fatal-explosion-and-fire-.pdf,data/corpus_v1/raw_pdfs/watson-grinding-fatal-explosion-and-fire-.pdf,data/corpus_v1/structured_json/watson-grinding-fatal-explosion-and-fire-.json,ready
wendland-1h-well-fatal-explosion-,CSB,wendland-1h-well-fatal-explosion-.pdf,data/corpus_v1/raw_pdfs/wendland-1h-well-fatal-explosion-.pdf,data/corpus_v1/structured_json/wendland-1h-well-fatal-explosion-.json,ready
west-fertilizer-explosion-and-fire-,CSB,west-fertilizer-explosion-and-fire-.pdf,data/corpus_v1/raw_pdfs/west-fertilizer-explosion-and-fire-.pdf,data/corpus_v1/structured_json/west-fertilizer-explosion-and-fire-.json,ready
williams-olefins-plant-explosion-and-fire-,CSB,williams-olefins-plant-explosion-and-fire-.pdf,data/corpus_v1/raw_pdfs/williams-olefins-plant-explosion-and-fire-.pdf,data/corpus_v1/structured_json/williams-olefins-plant-explosion-and-fire-.json,ready
woodside-energy-eb-699-16-nov-2022-redacted,BSEE,woodside-energy-eb-699-16-nov-2022-redacted.pdf,data/corpus_v1/raw_pdfs/woodside-energy-eb-699-16-nov-2022-redacted.pdf,data/corpus_v1/structured_json/woodside-energy-eb-699-16-nov-2022-redacted.json,ready
yenkin-majestic-resin-plant-vapor-cloud-explosion-and-fire,CSB,yenkin-majestic-resin-plant-vapor-cloud-explosion-and-fire.pdf,data/corpus_v1/raw_pdfs/yenkin-majestic-resin-plant-vapor-cloud-explosion-and-fire.pdf,data/corpus_v1/structured_json/yenkin-majestic-resin-plant-vapor-cloud-explosion-and-fire.json,ready
